<?xml version='1.0' encoding='UTF-8'?>
<faces-config version="2.2"
              xmlns="http://xmlns.jcp.org/xml/ns/javaee"
              xmlns:xsi="http://www.w3.org/2001/XMLSchema-instance"
              xsi:schemaLocation="http://xmlns.jcp.org/xml/ns/javaee http://xmlns.jcp.org/xml/ns/javaee/web-facesconfig_2_2.xsd">
    <navigation-rule>
        <from-view-id>/index.xhtml</from-view-id>
        <navigation-case>
            <from-outcome>toshoppingCart</from-outcome>
            <to-view-id>/shoppingCart.xhtml</to-view-id>
        </navigation-case>
        <navigation-case>
            <from-outcome>tocatalog</from-outcome>
            <to-view-id>/catalog.xhtml</to-view-id>
        </navigation-case>
        <navigation-case>
            <from-outcome>tocreateproduct</from-outcome>
            <to-view-id>/product-create.xhtml</to-view-id>
        </navigation-case>
    </navigation-rule>
    <navigation-rule>
        <from-view-id>/catalog.xhtml</from-view-id>
        <navigation-case>
            <from-outcome>toindex</from-outcome>
            <to-view-id>/index.xhtml</to-view-id>
        </navigation-case>
        <navigation-case>
            <from-outcome>toproductcreate</from-outcome>
            <to-view-id>/product-create.xhtml</to-view-id>
        </navigation-case>
        <navigation-case>
            <from-outcome>toshoppingcart</from-outcome>
            <to-view-id>/shoppingCart.xhtml</to-view-id>
        </navigation-case>
    </navigation-rule>
    <navigation-rule>
        <from-view-id>/shoppingCart.xhtml</from-view-id>
        <navigation-case>
            <from-outcome>toindex</from-outcome>
            <to-view-id>/index.xhtml</to-view-id>
        </navigation-case>
        <navigation-case>
            <from-outcome>tocatalog</from-outcome>
            <to-view-id>/catalog.xhtml</to-view-id>
        </navigation-case>
    </navigation-rule>
    <navigation-rule>
        <from-view-id>/product-create.xhtml</from-view-id>
        <navigation-case>
            <from-outcome>toindex</from-outcome>
            <to-view-id>/index.xhtml</to-view-id>
        </navigation-case>
        <navigation-case>
            <from-outcome>tocatalog</from-outcome>
            <to-view-id>/catalog.xhtml</to-view-id>
        </navigation-case>
    </navigation-rule>
</faces-config>
